,meter_reading,meter_reading,meter_reading,meter_reading,meter_reading,meter_reading,meter_reading,meter_reading,day,day,day,day,day,day,day,day,hour,hour,hour,hour,hour,hour,hour,hour
,count,mean,std,min,25%,50%,75%,max,count,mean,std,min,25%,50%,75%,max,count,mean,std,min,25%,50%,75%,max
meter,,,,,,,,,,,,,,,,,,,,,,,,
0,300817.0,142.35208687540927,332.2794726539283,0.0,14.0,50.62,140.158,9116.0,300817.0,5.020344594886592,2.5982345414592767,1.0,3.0,5.0,7.0,10.0,300817.0,11.450798990748527,6.950708160041177,0.0,5.0,11.0,17.0,23.0
1,98666.0,139.15876937850933,379.74855223617067,0.0,0.0,20.0812,114.32749999999999,9268.8,98666.0,5.023716376462003,2.597252472168749,1.0,3.0,5.0,7.0,10.0,98666.0,11.450347637484038,6.948304565199789,0.0,5.0,11.0,17.0,23.0
2,67957.0,13529.303409988668,249429.88245334153,0.0,186.05,674.05,2058.7,8243400.0,67957.0,5.0267522109569285,2.599079571025796,1.0,3.0,5.0,7.0,10.0,67957.0,11.44660594199273,6.951125075897717,0.0,5.0,11.0,17.0,23.0
3,31073.0,593.6143213304155,2045.885618158851,0.0,23.4457,137.743,552.6,92904.0,31073.0,5.026260740836095,2.594286451947167,1.0,3.0,5.0,7.0,10.0,31073.0,11.44987609822032,6.950289185443699,0.0,5.0,11.0,17.0,23.0
